episode, loss, player_score, max_score, epsilon
0, 107.1265791050412, 0, 0, 0.9989938000000331
1, 14.173478918078601, 1.0, 1.0, 0.9977572000000738
2, 98.81680026388824, 2.0, 2.0, 0.9964504000001169
3, 4.081048338505153, 0, 2.0, 0.9954847000001487
4, 14.18937143704187, 0, 2.0, 0.9944893000001814
5, 7.5331082664450175, 0, 2.0, 0.9934111000002169
6, 26.37614437851936, 0, 2.0, 0.9923374000002523
7, 19.985874392229245, 0, 2.0, 0.9911638000002909
8, 95.67453500014255, 1.0, 2.0, 0.9899866000003297
9, 3.605599029356664, 1.0, 2.0, 0.9886753000003728
10, 93.35389145564693, 0, 2.0, 0.9874774000004123
11, 1.7853228068432285, 1.0, 2.0, 0.9863749000004486
12, 2.3336987793818027, 0, 2.0, 0.9854641000004786
13, 22.337869664856495, 1.0, 2.0, 0.9840340000005257
14, 0.10445562600923104, 1.0, 2.0, 0.9828334000005652
15, 2.6844328551627084, 2.0, 2.0, 0.9816193000006052
16, 35.05922218300882, 1.0, 2.0, 0.9805501000006404
17, 27.711115918619722, 0, 2.0, 0.9792757000006823
18, 40.09533771523373, 0, 2.0, 0.978312700000714
19, 49.06119832786843, 1.0, 2.0, 0.9771760000007514
20, 16.06353448516177, 1.0, 2.0, 0.9759115000007931
21, 55.338741065115, 2.0, 2.0, 0.9745381000008383
22, 1.8501517729621548, 2.0, 2.0, 0.9733456000008776
23, 0.4757316333418469, 2.0, 2.0, 0.9721333000009175
24, 25.229120829284682, 0, 2.0, 0.9711109000009511
25, 28.061852363110464, 1.0, 2.0, 0.9699436000009896
26, 75.2669544179076, 0, 2.0, 0.9689401000010226
27, 2.958494888892265, 0, 2.0, 0.9677782000010609
28, 27.78315715076494, 2.0, 2.0, 0.9663382000011083
29, 37.76786564259348, 1.0, 2.0, 0.9651511000011473
30, 74.49938317631171, 0, 2.0, 0.9639856000011857
31, 15.121615964018261, 2.0, 2.0, 0.9628192000012241
32, 97.96056234157746, 0, 2.0, 0.9616969000012611
33, 2.352851808638873, 0, 2.0, 0.9607789000012913
34, 13.089522272903366, 0, 2.0, 0.9597340000013257
35, 156.34666824669634, 2.0, 2.0, 0.9585298000013653
36, 84.13306251862974, 0, 2.0, 0.9575488000013976
37, 30.45066396843424, 1.0, 2.0, 0.956475100001433
38, 0.13994088196748616, 0, 2.0, 0.9555184000014645
39, 175.4739578806504, 2.0, 2.0, 0.9542017000015078
40, 40.728454467826644, 3.0, 3.0, 0.9528346000015528
41, 0.9046402327023403, 0, 3.0, 0.9519157000015831
42, 24.86998728916757, 1.0, 3.0, 0.9508195000016192
43, 87.69136289007733, 2.0, 3.0, 0.9495649000016605
44, 3.784499008989978, 1.0, 3.0, 0.9484057000016987
45, 6.751702813785628, 0, 3.0, 0.9474121000017314
46, 251.6932821796717, 0, 3.0, 0.9463645000017659
47, 6.460084592065412, 1.0, 3.0, 0.9453169000018004
48, 22.010726973900255, 1.0, 3.0, 0.9443089000018335
49, 1.233737184536191, 1.0, 3.0, 0.9431641000018712
50, 0.020074477741872675, 0, 3.0, 0.9420598000019076
51, 143.9018474644715, 1.0, 3.0, 0.9409069000019455
52, 22.524381596487096, 0, 3.0, 0.939951100001977
53, 19.900783399667656, 0, 3.0, 0.939009700002008
54, 10.268937943030213, 1.0, 3.0, 0.9379351000020434
55, 86.24617911781728, 2.0, 3.0, 0.9367471000020825
56, 9.262640241475127, 0, 3.0, 0.9356824000021176
57, 0.39189019882117015, 3.0, 3.0, 0.9340867000021701
58, 35.387902639610886, 1.0, 3.0, 0.9327547000022139
59, 0.13899757719461878, 0, 3.0, 0.9318043000022452
60, 35.889600098774565, 0, 3.0, 0.9306793000022823
61, 0.03130581563397344, 2.0, 3.0, 0.9294850000023216
62, 3.9830766623113645, 0, 3.0, 0.928500400002354
63, 3.8947362878811482, 1.0, 3.0, 0.9274573000023884
64, 65.3398710861701, 0, 3.0, 0.9265024000024198
65, 129.23415053012025, 0, 3.0, 0.9253630000024573
66, 0.031466157241961154, 1.0, 3.0, 0.9242011000024956
67, 127.74054500819732, 2.0, 3.0, 0.9230581000025332
68, 118.24433839749832, 0, 3.0, 0.9221437000025633
69, 98.97075072581596, 1.0, 3.0, 0.9211339000025965
70, 333.4216754442481, 0, 3.0, 0.9200305000026329
71, 0.2878631558401651, 1.0, 3.0, 0.9189460000026686
72, 93.92321017909401, 0, 3.0, 0.9179335000027019
73, 1.4543290336368726, 0, 3.0, 0.9167788000027399
74, 4.063083389872187, 1.0, 3.0, 0.9155890000027791
75, 59.922950626746065, 0, 3.0, 0.914466700002816
76, 0.23450365867001122, 2.0, 3.0, 0.9132733000028553
77, 35.58129086021961, 2.0, 3.0, 0.9119728000028982
78, 111.66265521594039, 1.0, 3.0, 0.9109315000029324
79, 110.16655640609336, 0, 3.0, 0.9098686000029674
80, 61.55337527022278, 0, 3.0, 0.9089497000029977
81, 22.738756696386677, 0, 3.0, 0.9078634000030334
82, 51.91728819943352, 0, 3.0, 0.906906700003065
83, 5.294852564051922, 1.0, 3.0, 0.9057691000031024
84, 179.54611767191452, 1.0, 3.0, 0.9045487000031426
85, 60.20794727562481, 1.0, 3.0, 0.9034705000031781
86, 39.92937458770309, 0, 3.0, 0.9023113000032162
87, 113.92464400456886, 0, 3.0, 0.9012880000032499
88, 27.067079787418834, 0, 3.0, 0.9002989000032825
89, 3.5912292668418146, 2.0, 3.0, 0.8991460000033205
90, 55.69612629112224, 2.0, 3.0, 0.8979787000033589
91, 36.52762992926037, 0, 3.0, 0.8969086000033941
92, 10.385849299506654, 1.0, 3.0, 0.8957611000034319
93, 13.236973199800447, 3.0, 3.0, 0.8943544000034782
94, 15.98218419230755, 1.0, 3.0, 0.8932096000035159
95, 20.825678485495622, 1.0, 3.0, 0.8920990000035525
96, 0.7743110158520216, 3.0, 3.0, 0.8907193000035979
97, 11.508174235576437, 0, 3.0, 0.8896069000036345
98, 47.954201479766354, 1.0, 3.0, 0.8885827000036682
99, 28.193089225243824, 2.0, 3.0, 0.8874100000037068
100, 0.6487713574880563, 1.0, 3.0, 0.8862949000037436
101, 60.59748417861962, 3.0, 3.0, 0.8849269000037886
102, 93.677898753428, 0, 3.0, 0.8840107000038188
103, 18.231378213046447, 0, 3.0, 0.8830945000038489
104, 34.708102254194024, 2.0, 3.0, 0.881787700003892
105, 249.41319903814008, 2.0, 3.0, 0.8806537000039293
106, 120.0821777955256, 0, 3.0, 0.8796241000039632
107, 16.68644539966436, 0, 3.0, 0.8785846000039974
108, 4.801999173519116, 0, 3.0, 0.8776288000040289
109, 0.9828585489305688, 0, 3.0, 0.8765641000040639
110, 5.687261819374902, 2.0, 3.0, 0.8753149000041051
111, 7.602392782520713, 2.0, 3.0, 0.8740630000041463
112, 39.79599710715343, 0, 3.0, 0.8731567000041761
113, 15.307283529653514, 0, 3.0, 0.8721748000042084
114, 41.508085945782625, 0, 3.0, 0.8710786000042445
115, 84.42547480686842, 1.0, 3.0, 0.869970700004281
116, 51.762305094414636, 0, 3.0, 0.8689888000043133
117, 3.9249442278462667, 2.0, 3.0, 0.8677423000043544
118, 98.72512088653716, 2.0, 3.0, 0.8664418000043972
119, 31.930610713978677, 1.0, 3.0, 0.8653609000044328
120, 46.246749662483424, 0, 3.0, 0.8642764000044685
121, 55.63338272781297, 2.0, 3.0, 0.8629525000045121
122, 5.771703774411077, 0, 3.0, 0.8619238000045459
123, 1.3609691358307932, 1.0, 3.0, 0.8608708000045806
124, 12.489650137112069, 3.0, 3.0, 0.8595667000046235
125, 25.630372976851014, 0, 3.0, 0.8585443000046572
126, 26.91485297135494, 0, 3.0, 0.8575444000046901
127, 13.416717169535628, 1.0, 3.0, 0.8565238000047237
128, 127.24437986131181, 0, 3.0, 0.8553790000047614
129, 1.3514705493691566, 0, 3.0, 0.8541739000048011
130, 236.2687161790262, 2.0, 3.0, 0.8530588000048378
131, 1.2785980592465571, 0, 3.0, 0.8520076000048724
132, 110.68112729184212, 2.0, 3.0, 0.8507296000049145
133, 20.75466442561502, 1.0, 3.0, 0.8497243000049476
134, 22.034999273610115, 0, 3.0, 0.8487118000049809
135, 81.02252145236635, 2.0, 3.0, 0.8474923000050211
136, 30.749890500031196, 2.0, 3.0, 0.8463574000050584
137, 74.1401867791116, 1.0, 3.0, 0.8452108000050962
138, 6.830816669941145, 1.0, 3.0, 0.843971500005137
139, 51.61995833413622, 0, 3.0, 0.8428591000051736
140, 11.85385921713587, 0, 3.0, 0.8419447000052037
141, 2.179055509337399, 2.0, 3.0, 0.8405569000052494
142, 82.22513663576044, 1.0, 3.0, 0.8394589000052856
143, 0.05919982333106521, 2.0, 3.0, 0.8380459000053321
144, 24.500280358573452, 0, 3.0, 0.8371288000053623
145, 100.90568588527118, 2.0, 3.0, 0.8358796000054034
146, 5.797518850398367, 1.0, 3.0, 0.8347771000054397
147, 0.03487853057810347, 1.0, 3.0, 0.8336305000054774
148, 23.9512256368115, 0, 3.0, 0.8325298000055137
149, 3.9714729427923614, 1.0, 3.0, 0.8315074000055473
150, 31.9554654563695, 2.0, 3.0, 0.8302006000055904
151, 11.218561441306628, 1.0, 3.0, 0.8289595000056312
152, 0.1381433973576847, 0, 3.0, 0.8280100000056625
153, 0.4542963409453844, 4.0, 4.0, 0.8266789000057063
154, 15.257202982459157, 1.0, 4.0, 0.8256169000057413
155, 17.868173960412022, 1.0, 4.0, 0.8242705000057856
156, 28.346879195811958, 0, 4.0, 0.8233201000058169
157, 7.515347425233127, 1.0, 4.0, 0.8222608000058518
158, 0.20871452223023848, 2.0, 4.0, 0.8211448000058885
159, 14.514437513841237, 0, 4.0, 0.8201944000059198
160, 44.15827585076552, 1.0, 4.0, 0.8191612000059538
161, 2.8595921246501663, 2.0, 4.0, 0.8179579000059934
162, 9.728514416102016, 0, 4.0, 0.816877900006029
163, 0.42053522884303357, 1.0, 4.0, 0.8158384000060632
164, 25.063635477283285, 1.0, 4.0, 0.8147611000060987
165, 1.1776930117532203, 0, 4.0, 0.8136973000061337
166, 0.9638211657464913, 0, 4.0, 0.8127298000061656
167, 153.7970338265472, 1.0, 4.0, 0.8114743000062069
168, 85.48173028822447, 0, 4.0, 0.8105266000062381
169, 2.7516171136949112, 0, 4.0, 0.8094889000062723
170, 5.630964565259415, 2.0, 4.0, 0.8080786000063187
171, 0.009832972525118257, 2.0, 4.0, 0.8068627000063587
172, 1.656169198119385, 0, 4.0, 0.8058889000063908
173, 8.338278311236639, 0, 4.0, 0.8047486000064283
174, 17.649242232417862, 0, 4.0, 0.8037658000064607
175, 53.79902138533954, 2.0, 4.0, 0.8023042000065088
176, 15.172005766486137, 1.0, 4.0, 0.8012188000065446
177, 22.642038986741895, 1.0, 4.0, 0.8001586000065795
178, 0.6204735015759153, 0, 4.0, 0.7990345000066165
179, 8.619652763484826, 2.0, 4.0, 0.7977997000066571
180, 88.12133151040089, 0, 4.0, 0.7967314000066923
181, 22.773261085289217, 2.0, 4.0, 0.7955992000067296
182, 2.999398718657541, 0, 4.0, 0.7945345000067646
183, 18.464722934757933, 0, 4.0, 0.7933834000068025
184, 51.739846969057666, 0, 4.0, 0.792425800006834
185, 113.62465735166535, 0, 4.0, 0.7914070000068676
186, 14.668996726429919, 4.0, 4.0, 0.7900147000069134
187, 127.79877364424934, 0, 4.0, 0.788994100006947
188, 95.59510083955605, 1.0, 4.0, 0.7876720000069906
189, 105.95543955609568, 0, 4.0, 0.786625300007025
190, 19.042442430406116, 1.0, 4.0, 0.7855381000070608
191, 10.428408072659463, 0, 4.0, 0.7845148000070945
192, 5.0833896799004945, 4.0, 4.0, 0.7831477000071395
193, 2.6108588373015196, 1.0, 4.0, 0.7819975000071774
194, 77.84517587709652, 1.0, 4.0, 0.7809877000072106
195, 5.386933527445665, 0, 4.0, 0.7799572000072446
196, 0.45171728493120245, 1.0, 4.0, 0.7788250000072818
197, 7.846374678002892, 1.0, 4.0, 0.7775884000073225
198, 34.063699149309166, 1.0, 4.0, 0.7763761000073625
199, 3.9184913323581054, 0, 4.0, 0.7753744000073954
200, 30.143084843461306, 1.0, 4.0, 0.7742413000074327
201, 1.3942791857579668, 1.0, 4.0, 0.7731586000074684
202, 0.6748912994921011, 0, 4.0, 0.7720291000075056
203, 5.568419070408162, 0, 4.0, 0.7709023000075427
204, 3.2086916746262015, 2.0, 4.0, 0.7695460000075873
205, 8.004524057886222, 2.0, 4.0, 0.7683004000076283
206, 17.25282096074137, 0, 4.0, 0.7672438000076631
207, 0.012381600219169564, 0, 4.0, 0.7662862000076947
208, 72.20593726933717, 3.0, 4.0, 0.7649542000077385
209, 32.75838737046311, 0, 4.0, 0.7638886000077736
210, 126.13338635817004, 1.0, 4.0, 0.7628095000078091
211, 39.930761844454466, 1.0, 4.0, 0.7617142000078452
212, 32.5097702381694, 1.0, 4.0, 0.7605793000078825
213, 2.8341312565258194, 0, 4.0, 0.7594813000079187
214, 40.16495088389582, 1.0, 4.0, 0.7584292000079533
215, 22.462710521074417, 0, 4.0, 0.7572151000079933
216, 29.417632845110475, 0, 4.0, 0.7561954000080269
217, 3.861552376421337, 1.0, 4.0, 0.7551127000080625
218, 33.117552786117464, 0, 4.0, 0.7540831000080964
219, 0.20415366336172608, 1.0, 4.0, 0.7529752000081329
220, 0.0675726852530085, 1.0, 4.0, 0.7517098000081746
221, 25.655491455890143, 0, 4.0, 0.7507351000082066
222, 0.902976184733952, 2.0, 4.0, 0.7494292000082496
223, 5.917154633131304, 0, 4.0, 0.7484293000082826
224, 15.345300792283053, 0, 4.0, 0.7473331000083187
225, 7.005785877387073, 1.0, 4.0, 0.7462540000083542
226, 52.774217261024944, 2.0, 4.0, 0.7447960000084022
227, 97.48187047087234, 1.0, 4.0, 0.7435918000084418
228, 187.22820746224846, 2.0, 4.0, 0.7423129000084839
229, 53.61669986485009, 1.0, 4.0, 0.7413175000085167
230, 0.0031309718313918115, 1.0, 4.0, 0.7401043000085566
231, 57.08472458524642, 2.0, 4.0, 0.7388614000085976
232, 6.859685100735837, 0, 4.0, 0.7378669000086303
233, 4.91313881181709, 2.0, 4.0, 0.7365592000086734
234, 85.75432144849377, 0, 4.0, 0.7354576000087096
235, 0.19738274404879919, 1.0, 4.0, 0.7342228000087503
236, 40.864347135311135, 0, 4.0, 0.7330735000087881
237, 59.07673352870881, 0, 4.0, 0.7320493000088218
238, 1.538879360517533, 2.0, 4.0, 0.7306948000088664
239, 46.23173234814746, 1.0, 4.0, 0.7296229000089017
240, 12.925762180562037, 0, 4.0, 0.7285753000089362
241, 1.5895745667788683, 2.0, 4.0, 0.7274305000089739
242, 67.02667382080796, 0, 4.0, 0.7264324000090068
243, 170.126001629043, 0, 4.0, 0.7252876000090445
244, 72.86253660755085, 2.0, 4.0, 0.7240303000090859
245, 115.5587555035106, 4.0, 4.0, 0.7226380000091317
246, 5.484656834838465, 0, 4.0, 0.721597600009166
247, 0.6028726065071435, 0, 4.0, 0.7205095000092018
248, 33.2619838991478, 1.0, 4.0, 0.7194934000092352
249, 26.958783766828144, 1.0, 4.0, 0.7184215000092705
250, 55.36982224677519, 0, 4.0, 0.7173865000093046
251, 3.0481957226925784, 0, 4.0, 0.7164181000093365
252, 2.2249802315733698, 1.0, 4.0, 0.7150942000093801
253, 2.2208030621230255, 1.0, 4.0, 0.7140736000094137
254, 0.3580411296076818, 0, 4.0, 0.7131277000094448
255, 9.03713970958505, 2.0, 4.0, 0.7119352000094841
256, 23.008917709482144, 0, 4.0, 0.7110154000095144
257, 45.04297035055923, 1.0, 4.0, 0.7097536000095559
258, 210.02270411360092, 1.0, 4.0, 0.7086934000095908
259, 18.742306692266798, 0, 4.0, 0.7077241000096227
260, 7.848856052884596, 0, 4.0, 0.7067701000096541
261, 13.680801972919417, 0, 4.0, 0.7058188000096854
262, 10.471445907048167, 1.0, 4.0, 0.7046839000097228
263, 3.0837362980477447, 1.0, 4.0, 0.7035697000097595
264, 19.412643610174317, 0, 4.0, 0.7024726000097956
265, 0.46995724087909785, 1.0, 4.0, 0.7013845000098314
266, 7.332462933318138, 0, 4.0, 0.7004071000098636
267, 24.466515411781273, 1.0, 4.0, 0.6992524000099016
268, 88.0687307141861, 1.0, 4.0, 0.6981211000099389
269, 47.591164891360286, 1.0, 4.0, 0.6969916000099761
270, 6.115207372750127, 1.0, 4.0, 0.6959107000100117
271, 131.64248816050406, 0, 4.0, 0.6948163000100477
272, 50.683352922379896, 0, 4.0, 0.6938623000100791
273, 41.60981875134237, 0, 4.0, 0.692833600010113
274, 8.552232890972546, 1.0, 4.0, 0.6916042000101534
275, 0.040870996959946296, 0, 4.0, 0.690555700010188
276, 27.430579157357986, 1.0, 4.0, 0.6893578000102274
277, 28.41958904009386, 1.0, 4.0, 0.6883228000102615
278, 9.26706083611509, 2.0, 4.0, 0.6871942000102986
279, 2.46492511922229, 0, 4.0, 0.6860449000103365
280, 35.11034753265132, 0, 4.0, 0.6848902000103745
281, 62.01521977096434, 1.0, 4.0, 0.683447500010422
282, 2.701324594183715, 1.0, 4.0, 0.6821794000104637
283, 0.03486049869293578, 0, 4.0, 0.6811930000104962
284, 9.93741824676277, 0, 4.0, 0.6800698000105332
285, 7.07930181400119, 2.0, 4.0, 0.6788467000105735
286, 0.7611808297231552, 0, 4.0, 0.6778603000106059
287, 45.708568200963306, 0, 4.0, 0.6769198000106369
288, 8.754943846667944, 0, 4.0, 0.6759919000106674
289, 94.93617044931783, 1.0, 4.0, 0.674881300010704
290, 18.941646455066323, 0, 4.0, 0.673911100010736
291, 7.326817252037545, 3.0, 4.0, 0.6725368000107812
292, 108.23750911167605, 1.0, 4.0, 0.6715324000108143
293, 24.989926746337588, 2.0, 4.0, 0.6701797000108588
294, 19.24410328639646, 1.0, 4.0, 0.6691510000108927
295, 0.0037183078066166113, 1.0, 4.0, 0.6679117000109335
296, 63.79434315660462, 0, 4.0, 0.6669217000109661
297, 0.27354043489896146, 1.0, 4.0, 0.6656581000110077
298, 31.912220656979517, 3.0, 4.0, 0.6643018000110523
299, 5.2846125591420074, 0, 4.0, 0.663247900011087
300, 125.23021702231416, 0, 4.0, 0.6623281000111173
301, 46.32907619177552, 0, 4.0, 0.6612049000111543
302, 16.630907577482557, 1.0, 4.0, 0.660089800011191
303, 15.59336648002426, 0, 4.0, 0.659178100011221
304, 0.24317121790530163, 2.0, 4.0, 0.6578965000112632
305, 2.042607807068806, 0, 4.0, 0.6569479000112944
306, 2.2461051905704688, 1.0, 4.0, 0.6559354000113278
307, 208.84897990627428, 2.0, 4.0, 0.6548374000113639
308, 0.21046580209955154, 0, 4.0, 0.6538501000113964
309, 0.10222489075121127, 0, 4.0, 0.652737700011433
310, 3.8699101498372954, 3.0, 4.0, 0.6514741000114747
311, 15.580808096905091, 3.0, 4.0, 0.6501979000115167
312, 1.5923787171274912, 1.0, 4.0, 0.649125100011552
313, 2.0099148047595357, 2.0, 4.0, 0.6478246000115948
314, 76.7713402006891, 1.0, 4.0, 0.6467887000116289
315, 0.5502567723954961, 2.0, 4.0, 0.6455782000116688
316, 6.7483403657386924, 1.0, 4.0, 0.6445909000117013
317, 4.543794457468196, 1.0, 4.0, 0.6434506000117388
318, 1.3274098485629389, 1.0, 4.0, 0.6421186000117827
319, 0.3768642259219412, 2.0, 4.0, 0.640863100011824
320, 63.424584395003166, 1.0, 4.0, 0.639710200011862
321, 5.293601507694597, 1.0, 4.0, 0.6385717000118994
322, 96.9721420516541, 0, 4.0, 0.6375898000119318
323, 99.58562889774767, 2.0, 4.0, 0.6364738000119685
324, 0.4884089322235688, 1.0, 4.0, 0.6354019000120038
325, 4.809758136733546, 1.0, 4.0, 0.6342958000120402
326, 4.589452772576059, 0, 4.0, 0.6332725000120739
327, 3.7341785002008203, 0, 4.0, 0.6322240000121084
328, 24.891603026499425, 0, 4.0, 0.6311503000121438
329, 4.505045837155084, 0, 4.0, 0.6302386000121738
330, 3.5650899590932204, 1.0, 4.0, 0.629078500012212
331, 23.333744802964187, 1.0, 4.0, 0.6279022000122507
332, 62.2927926164778, 0, 4.0, 0.6268447000122855
333, 2.3344267229862536, 1.0, 4.0, 0.6257305000123222
334, 0.4046545563920245, 0, 4.0, 0.624735100012355
335, 20.757589905234294, 0, 4.0, 0.6237172000123885
336, 4.805831129915309, 0, 4.0, 0.6225436000124271
337, 0.004463858851535981, 0, 4.0, 0.6214051000124646
338, 9.917155690459223, 0, 4.0, 0.620420500012497
339, 25.05499400324168, 0, 4.0, 0.6192793000125346
340, 13.854075430559556, 1.0, 4.0, 0.6181489000125718
341, 6.316926210918849, 3.0, 4.0, 0.6167521000126178
342, 0.9224421002120962, 1.0, 4.0, 0.6156640000126536
343, 4.7267470985607485, 1.0, 4.0, 0.6144643000126931
344, 1.01403023047283, 1.0, 4.0, 0.6132889000127318
345, 15.153302581055314, 1.0, 4.0, 0.6121675000127688
346, 5.0715350328167865, 0, 4.0, 0.6110731000128048
347, 7.106175820660481, 1.0, 4.0, 0.6098536000128449
348, 0.18069182328763964, 1.0, 4.0, 0.608758300012881
349, 9.519943845262858, 0, 4.0, 0.6078214000129118
350, 45.04771673221587, 1.0, 4.0, 0.6065695000129531
351, 7.867008497782988, 3.0, 4.0, 0.6052879000129953
352, 119.75766599414834, 0, 4.0, 0.6041566000130325
353, 0.4850468428777263, 0, 4.0, 0.6031414000130659
354, 7.021098257192822, 2.0, 4.0, 0.6018985000131069
355, 33.416696818582835, 1.0, 4.0, 0.600679900013147
356, 2.597570313935859, 0, 4.0, 0.5996935000131794
357, 1.1489336037099316, 3.0, 4.0, 0.5982319000132276
358, 33.84436740707318, 0, 4.0, 0.5972086000132613
359, 83.56090837850809, 1.0, 4.0, 0.5961943000132947
360, 229.07923628427915, 0, 4.0, 0.5951476000133291
361, 11.787679819244543, 0, 4.0, 0.5942035000133602
362, 231.82928996463403, 0, 4.0, 0.5932450000133918
363, 58.7336750971724, 2.0, 4.0, 0.5921227000134287
364, 24.519135875507917, 2.0, 4.0, 0.5909437000134675
365, 48.54042929718159, 0, 4.0, 0.5899096000135016
366, 109.12550284222354, 0, 4.0, 0.5888116000135377
367, 0.5153642530218594, 0, 4.0, 0.5877361000135731
368, 176.27985722596097, 2.0, 4.0, 0.5864284000136162
369, 12.915077026021965, 1.0, 4.0, 0.5854060000136498
370, 10.208219901334163, 0, 4.0, 0.5843863000136834
371, 0.15845011652887636, 1.0, 4.0, 0.5833405000137178
372, 50.5870662470094, 0, 4.0, 0.5823901000137491
373, 5.143104205500847, 1.0, 4.0, 0.5811814000137889
374, 32.791664066880806, 2.0, 4.0, 0.5799979000138279
375, 6.3900378032411655, 0, 4.0, 0.5790052000138606
376, 8.877695773410379, 1.0, 4.0, 0.5778460000138987
377, 107.83041347151747, 0, 4.0, 0.5767552000139347
378, 22.351638769559578, 0, 4.0, 0.5757319000139683
379, 7.080909382371434, 0, 4.0, 0.5746654000140035
380, 1.9519044913772852, 0, 4.0, 0.5736907000140355
381, 36.78048302893525, 1.0, 4.0, 0.5725990000140715
382, 65.32287394073921, 0, 4.0, 0.571611700014104
383, 17.95843739850751, 1.0, 4.0, 0.5703733000141448
384, 20.497825454166247, 0, 4.0, 0.5693167000141796
385, 2.358812894215167, 0, 4.0, 0.5682466000142148
386, 4.7611211196348595, 0, 4.0, 0.5671945000142494
387, 0.0073785452210577245, 0, 4.0, 0.5662135000142817
388, 48.07253111547627, 2.0, 4.0, 0.564930100014324
389, 4.901013298845468, 2.0, 4.0, 0.5637187000143639
390, 85.39081809853471, 1.0, 4.0, 0.5625019000144039
391, 61.93130971996438, 1.0, 4.0, 0.5612689000144445
392, 23.524948618660513, 3.0, 4.0, 0.5600017000144862
393, 1.4562749335239222, 1.0, 4.0, 0.5587777000145265
394, 6.388585465384851, 1.0, 4.0, 0.5574970000145687
395, 13.413525381331208, 1.0, 4.0, 0.5564008000146048
396, 2.904725012729245, 1.0, 4.0, 0.5553442000146396
397, 7.999961063949624, 1.0, 4.0, 0.5541553000146787
398, 3.394970449453608, 0, 4.0, 0.5531419000147121
399, 1.0914857941219605, 1.0, 4.0, 0.5520619000147476
400, 19.892391680884597, 1.0, 4.0, 0.5509792000147833
401, 19.481511447429966, 3.0, 4.0, 0.5496562000148268
402, 20.9393161209434, 1.0, 4.0, 0.5485654000148628
403, 5.437994216641295, 0, 4.0, 0.5475997000148946
404, 0.749905993354151, 0, 4.0, 0.5466880000149246
405, 2.159099419936281, 0, 4.0, 0.5455954000149605
406, 8.545252288470364, 1.0, 4.0, 0.5444191000149993
407, 12.667581660827452, 0, 4.0, 0.5433688000150338
408, 0.1654017810983516, 0, 4.0, 0.5421664000150734
409, 0.7681431984487829, 1.0, 4.0, 0.5409766000151126
410, 26.38194647555891, 0, 4.0, 0.5399524000151463
411, 1.320791501455615, 1.0, 4.0, 0.5388958000151811
412, 8.512745869292935, 1.0, 4.0, 0.5378275000152163
413, 16.59418292383541, 0, 4.0, 0.5368519000152484
414, 1.7734961217205365, 2.0, 4.0, 0.5355766000152904
415, 1.3220989428746004, 1.0, 4.0, 0.5343202000153318
416, 78.09279081207342, 3.0, 4.0, 0.5330845000153724
417, 26.551730123690113, 2.0, 4.0, 0.5319082000154112
418, 70.83008508957086, 1.0, 4.0, 0.5307670000154487
419, 0.020462572930375896, 0, 4.0, 0.5297032000154838
420, 72.21673735592485, 0, 4.0, 0.5287528000155151
421, 107.43604377489942, 2.0, 4.0, 0.5274127000155592
422, 48.51102243875339, 3.0, 4.0, 0.5260024000156056
423, 15.112881814619637, 1.0, 4.0, 0.5247820000156458
424, 2.786137152595844, 0, 4.0, 0.5235688000156857
425, 191.20812513748447, 0, 4.0, 0.5224924000157212
426, 12.303884521732037, 1.0, 4.0, 0.5214187000157565
427, 0.4402393568963513, 1.0, 4.0, 0.5201326000157989
428, 0.6553123324190411, 0, 4.0, 0.519035500015835
429, 19.063139212865252, 1.0, 4.0, 0.5179240000158716
430, 18.36008422189962, 2.0, 4.0, 0.5166478000159136
431, 158.19563922308402, 1.0, 4.0, 0.5155660000159492
432, 0.25068655988689353, 1.0, 4.0, 0.5143186000159903
433, 13.51083518734796, 3.0, 4.0, 0.512991100016034
434, 43.91133088742575, 0, 4.0, 0.5118922000160702
435, 44.580408233121105, 2.0, 4.0, 0.5107168000161089
436, 19.431479665239873, 1.0, 4.0, 0.5094136000161518
437, 13.184346058597244, 1.0, 4.0, 0.5083498000161868
438, 16.43945579553303, 0, 4.0, 0.5074156000162175
439, 40.534550046111555, 1.0, 4.0, 0.5062447000162561
440, 0.8788817080525833, 0, 4.0, 0.5052565000162886
441, 7.954213697546857, 1.0, 4.0, 0.5040793000163274
442, 2.9291206644124976, 0, 4.0, 0.5031163000163591
443, 30.579785165926058, 1.0, 4.0, 0.5019742000163967
444, 4.414436450551375, 1.0, 4.0, 0.5008195000164347
445, 18.762106043167293, 0, 4.0, 0.4997377000164541
446, 70.01998190465756, 1.0, 4.0, 0.4985893000164211
447, 11.997416182286196, 0, 4.0, 0.4975984000163926
448, 1.876173298718499, 0, 4.0, 0.4964509000163596
449, 9.847617531697894, 4.0, 4.0, 0.49503700001631895
450, 0.34994543681366197, 0, 4.0, 0.49394170001628745
451, 5.828067993022997, 2.0, 4.0, 0.4926700000162509
452, 0.8023824595092433, 3.0, 4.0, 0.4913776000162137
453, 8.197682336976799, 2.0, 4.0, 0.49018960001617956
454, 1.6635719375892728, 0, 4.0, 0.48905560001614695
455, 156.7835916811553, 1.0, 4.0, 0.4879765000161159
456, 5.1709222188442565, 2.0, 4.0, 0.4866022000160764
457, 0.2772649688897549, 1.0, 4.0, 0.48548350001604423
458, 131.21457879907956, 0, 4.0, 0.4844782000160153
459, 1.3734858763647908, 1.0, 4.0, 0.483457600015986
460, 1.1609513134382266, 1.0, 4.0, 0.48231190001595303
461, 1.395449300011961, 5.0, 5.0, 0.4807846000159091
462, 0.0021611979182401568, 0, 5.0, 0.47972170001587855
463, 6.7470768618733725, 0, 5.0, 0.4788091000158523
464, 0.4431120233834057, 3.0, 5.0, 0.4774951000158145
465, 132.87898420469256, 1.0, 5.0, 0.4763116000157805
466, 5.038774667960907, 0, 5.0, 0.4753792000157537
467, 2.5772637307529567, 0, 5.0, 0.474452200015727
468, 0.020969580190958733, 0, 5.0, 0.4733596000156956
469, 15.702492884185768, 2.0, 5.0, 0.47213650001566043
470, 1.3692599673711332, 0, 5.0, 0.4710754000156299
471, 0.09045572114501163, 1.0, 5.0, 0.4699441000155974
472, 118.95933423539115, 1.0, 5.0, 0.46882000001556506
473, 51.68529752332388, 1.0, 5.0, 0.4676599000155317
474, 0.27895130808728236, 1.0, 5.0, 0.46642420001549617
475, 2.4118387104895316, 1.0, 5.0, 0.46528570001546343
476, 29.79453294108945, 0, 5.0, 0.46416250001543113
477, 1.442102459595118, 0, 5.0, 0.46305010001539915
478, 16.011845612652223, 0, 5.0, 0.46193320001536703
479, 1.6585871035092825, 0, 5.0, 0.4608397000153356
480, 3.5245141773370574, 2.0, 5.0, 0.4595743000152992
481, 18.354986371887495, 2.0, 5.0, 0.45801460001525435
482, 24.16708893098929, 1.0, 5.0, 0.45681940001522
483, 5.038592518082765, 0, 5.0, 0.4555711000151841
484, 31.132350744452836, 0, 5.0, 0.45446680001515233
485, 0.7553634803377745, 1.0, 5.0, 0.45339580001512153
486, 2.6930388313587073, 0, 5.0, 0.4522753000150893
487, 0.34543347419088477, 0, 5.0, 0.4512457000150597
488, 18.249084238644897, 1.0, 5.0, 0.4500694000150259
489, 13.902180884192518, 0, 5.0, 0.44905690001499676
490, 8.850200851879908, 3.0, 5.0, 0.44772130001495836
491, 0.3274828846286763, 1.0, 5.0, 0.4462561000149162
492, 6.510230311999388, 3.0, 5.0, 0.4449196000148778
493, 5.86335145539644, 1.0, 5.0, 0.44381620001484606
494, 3.277182206719502, 1.0, 5.0, 0.44263720001481216
495, 4.080576620879962, 1.0, 5.0, 0.4415707000147815
496, 28.82731489659475, 0, 5.0, 0.4406014000147536
497, 2.711218819744234, 0, 5.0, 0.43954210001472316
498, 38.04331403656409, 1.0, 5.0, 0.4383433000146887
499, 0.12929928940799806, 1.0, 5.0, 0.4371553000146545
500, 4.94570080813679, 0, 5.0, 0.43616170001462595
501, 1.2945221196428625, 1.0, 5.0, 0.43491070001459
502, 8.260473753393047, 0, 5.0, 0.43384960001455947
503, 6.647805451403972, 0, 5.0, 0.43282270001452994
504, 2.509831787770833, 0, 5.0, 0.43183540001450155
505, 0.3943701395681394, 0, 5.0, 0.430877800014474
506, 44.86559096544292, 1.0, 5.0, 0.42962050001443786
507, 7.286033978290296, 0, 5.0, 0.42856030001440737
508, 39.94145153357111, 1.0, 5.0, 0.4274110000143743
509, 0.06735574334334728, 1.0, 5.0, 0.42632290001434303
510, 5.905132165474528, 0, 5.0, 0.4252708000143128
511, 2.9540630951160836, 0, 5.0, 0.42409810001427906
512, 0.9479665443702985, 0, 5.0, 0.4230703000142495
513, 70.37583798085997, 0, 5.0, 0.4218841000142154
514, 33.48600151997951, 2.0, 5.0, 0.42066190001418025
515, 25.7902079662191, 1.0, 5.0, 0.41962150001415033
516, 40.758092796012164, 1.0, 5.0, 0.418462300014117
517, 0.37314695828570504, 0, 5.0, 0.4174156000140869
518, 47.5226157018778, 2.0, 5.0, 0.41609620001404896
519, 4.473865806878767, 3.0, 5.0, 0.41482720001401246
520, 19.60036556423833, 0, 5.0, 0.41383900001398405
521, 3.018718188102127, 1.0, 5.0, 0.4127149000139517
522, 1.0059096114543216, 0, 5.0, 0.41147830001391617
523, 1.2460386079389199, 2.0, 5.0, 0.4102876000138819
524, 0.4075496166672569, 0, 5.0, 0.40926250001385245
525, 16.870282604129386, 0, 5.0, 0.408204100013822
526, 49.3641857348294, 0, 5.0, 0.40706830001378935
527, 3.7853276688682387, 1.0, 5.0, 0.405909100013756
528, 0.1736817664005551, 1.0, 5.0, 0.4048336000137251
529, 0.413814663028903, 0, 5.0, 0.4037662000136944
530, 66.22973945247428, 0, 5.0, 0.40268980001366345
531, 0.13574385164274344, 2.0, 5.0, 0.40154230001363045
532, 6.803581005736041, 1.0, 5.0, 0.4003138000135951
533, 10.719657368884477, 1.0, 5.0, 0.3991348000135612
534, 1.218553848509272, 0, 5.0, 0.3981673000135334
535, 16.160683944823447, 0, 5.0, 0.39707290001350193
536, 19.337285145698107, 3.0, 5.0, 0.395754400013464
537, 9.781168477539781, 2.0, 5.0, 0.39431170001342253
538, 8.243095999943554, 1.0, 5.0, 0.3931246000133884
539, 7.749702255331511, 2.0, 5.0, 0.39190960001335345
540, 2.9636561644860304, 0, 5.0, 0.3909970000133272
541, 0.019042735910627936, 1.0, 5.0, 0.3897793000132922
542, 23.45838837673412, 0, 5.0, 0.38876860001326313
543, 42.9529322275641, 0, 5.0, 0.38781010001323557
544, 1.3554674425254702, 1.0, 5.0, 0.38672020001320423
545, 0.6346520102859367, 0, 5.0, 0.38569510001317475
546, 5.687923235747447, 1.0, 5.0, 0.38451250001314075
547, 123.98946606982541, 1.0, 5.0, 0.3834334000131097
548, 14.67453502136161, 0, 5.0, 0.3823894000130797
549, 1.268128486182247, 1.0, 5.0, 0.38134810001304975
550, 23.459377822917777, 2.0, 5.0, 0.3801079000130141
551, 3.255362566193729, 0, 5.0, 0.3790684000129842
552, 19.835440135154972, 1.0, 5.0, 0.37797490001295275
553, 31.13805716761509, 1.0, 5.0, 0.37680220001291903
554, 0.14639241583530108, 2.0, 5.0, 0.37558180001288394
555, 58.22788276771442, 0, 5.0, 0.3745657000128547
556, 0.8117757576373972, 2.0, 5.0, 0.37327690001281766
557, 3.3232608985993894, 2.0, 5.0, 0.3719746000127802
558, 171.89605892850855, 0, 5.0, 0.37080100001274646
559, 2.322129371613812, 0, 5.0, 0.3697489000127162
560, 10.714142530033325, 1.0, 5.0, 0.3686365000126842
561, 59.64476825717738, 1.0, 5.0, 0.36744400001264993
562, 0.5433705497480452, 0, 5.0, 0.36648190001262226
563, 76.3880397507046, 2.0, 5.0, 0.3652966000125882
564, 0.001875085206687073, 3.0, 5.0, 0.36389800001254796
565, 4.50939602331809, 0, 5.0, 0.3628108000125167
566, 10.906665341008155, 0, 5.0, 0.3616669000124838
567, 42.633269699466226, 2.0, 5.0, 0.3600982000124387
568, 7.106537707741684, 1.0, 5.0, 0.3590128000124075
569, 0.07420925028063569, 0, 5.0, 0.35803090001237925
570, 21.950315406927643, 3.0, 5.0, 0.3568159000123443
571, 27.04762210298551, 1.0, 5.0, 0.35568730001231186
572, 3.823479859373601, 3.0, 5.0, 0.3542914000122717
573, 2.912607559750464, 2.0, 5.0, 0.352875700012231
574, 0.6513710939802483, 1.0, 5.0, 0.35172190001219783
575, 8.36708056931724, 1.0, 5.0, 0.35059870001216553
576, 6.806081127178065, 1.0, 5.0, 0.3494395000121322
577, 25.689956246103133, 0, 5.0, 0.3484099000121026
578, 39.934506547807544, 2.0, 5.0, 0.3470500000120635
579, 8.467806289677299, 1.0, 5.0, 0.34582420001202824
580, 15.639017513564342, 0, 5.0, 0.3448288000119996
581, 36.24251970540862, 3.0, 5.0, 0.34341490001195896
582, 34.7956189276501, 2.0, 5.0, 0.342130600011922
583, 4.701432064530794, 0, 5.0, 0.3411082000118926
584, 29.600243842688243, 1.0, 5.0, 0.3400615000118625
585, 12.593348735400939, 1.0, 5.0, 0.3388807000118286
586, 0.0704675741943531, 0, 5.0, 0.3379645000118022
587, 11.635108730508747, 0, 5.0, 0.3369583000117733
588, 9.735056211211846, 2.0, 5.0, 0.33579820001173993
589, 8.611937891699876, 3.0, 5.0, 0.33457780001170484
590, 110.02363777630868, 0, 5.0, 0.3334465000116723
591, 0.48205374175438104, 0, 5.0, 0.33218200001163595
592, 0.0754684933391458, 2.0, 5.0, 0.3309625000116009
593, 176.55723319986663, 1.0, 5.0, 0.329854600011569
594, 4.290466253603344, 0, 5.0, 0.3289429000115428
595, 7.952054841220732, 0, 5.0, 0.3278890000115125
596, 1.0093166736838795, 1.0, 5.0, 0.3267694000114803
597, 2.5739590203622686, 1.0, 5.0, 0.32552920001144464
598, 30.843784421421095, 1.0, 5.0, 0.3242971000114092
599, 14.20551861046988, 2.0, 5.0, 0.32308840001137445
600, 5.0299505003521325, 1.0, 5.0, 0.32192020001134086
601, 0.030073772800351155, 1.0, 5.0, 0.32076550001130766
602, 1.4767670922357403, 0, 5.0, 0.31980430001128
603, 91.74281194900408, 1.0, 5.0, 0.3187576000112499
604, 1.3487574788973524, 1.0, 5.0, 0.3175876000112163
605, 0.905998904023198, 2.0, 5.0, 0.3162385000111775
606, 38.58081181252742, 3.0, 5.0, 0.31492000001113957
607, 7.719848617143335, 1.0, 5.0, 0.31370230001110455
608, 0.023009853662855753, 2.0, 5.0, 0.3123937000110669
609, 33.30308463868515, 0, 5.0, 0.31134520001103677
610, 74.90671685230134, 0, 5.0, 0.3102931000110065
611, 0.5068693452406551, 0, 5.0, 0.3092977000109779
612, 0.5814215991363035, 1.0, 5.0, 0.30803320001094153
613, 0.8264247255292153, 0, 5.0, 0.30709900001091467
614, 0.3182159938444785, 1.0, 5.0, 0.3059551000108818
615, 9.14362311217797, 2.0, 5.0, 0.30468520001084526
616, 13.991917706416135, 0, 5.0, 0.3036124000108144
617, 5.23040784441628, 2.0, 5.0, 0.30240010001077955
618, 12.980291246577082, 0, 5.0, 0.3014344000107518
619, 12.597320990527178, 0, 5.0, 0.30036880001072114
620, 0.03299817612333749, 1.0, 5.0, 0.29926990001068954
621, 2.858510361953616, 1.0, 5.0, 0.29784520001064857
622, 0.13454858473468134, 2.0, 5.0, 0.2965447000106112
623, 0.5460339385581966, 0, 5.0, 0.2953765000105776
624, 0.42128780452666953, 1.0, 5.0, 0.29427310001054585
625, 215.73099903370095, 1.0, 5.0, 0.2931454000105134
626, 14.249335945393948, 3.0, 5.0, 0.2917288000104727
627, 53.17608150864369, 0, 5.0, 0.2906470000104416
628, 3.3970032543584887, 0, 5.0, 0.2896633000104133
629, 32.16228392930152, 0, 5.0, 0.2886175000103832
630, 0.33622525144376114, 2.0, 5.0, 0.287392600010348
631, 24.417719485281154, 3.0, 5.0, 0.28595530001030667
632, 0.3016771968265707, 3.0, 5.0, 0.2843497000102605
633, 0.003303054451562448, 3.0, 5.0, 0.2830726000102238
634, 0.9216125025715368, 3.0, 5.0, 0.2817478000101857
635, 42.06697271355189, 1.0, 5.0, 0.2807020000101556
636, 0.7924584652151605, 0, 5.0, 0.27963280001012486
637, 0.4756468067648866, 0, 5.0, 0.2786707000100972
638, 13.366545824328163, 1.0, 5.0, 0.2775133000100639
639, 12.418132625042537, 1.0, 5.0, 0.27644050001003306
640, 36.45018877561706, 1.0, 5.0, 0.2753785000100025
641, 47.43552538442124, 0, 5.0, 0.274352500009973
642, 11.24368311405963, 1.0, 5.0, 0.27317440000993914
643, 0.17155409294846022, 1.0, 5.0, 0.2721583000099099
644, 85.64677746747883, 1.0, 5.0, 0.2711314000098804
645, 0.8476244391099069, 1.0, 5.0, 0.27011440000985115
646, 0.3698478970174043, 1.0, 5.0, 0.2688292000098142
647, 3.6285625113650823, 1.0, 5.0, 0.26747110000977514
648, 40.7483255587121, 3.0, 5.0, 0.2661373000097368
649, 9.938059895843853, 2.0, 5.0, 0.2648485000096997
650, 91.57397210413326, 0, 5.0, 0.2637415000096679
651, 0.45736710834391087, 1.0, 5.0, 0.2625796000096345
652, 68.12835715058101, 1.0, 5.0, 0.26135380000959924
653, 1.2903070794358953, 1.0, 5.0, 0.26029990000956893
654, 0.07551116028461144, 1.0, 5.0, 0.25921900000953785
655, 0.06844911948608287, 1.0, 5.0, 0.25815520000950726
656, 37.61363137744345, 2.0, 5.0, 0.2569393000094723
657, 10.627923560375269, 0, 5.0, 0.2559997000094453
658, 32.98280734786436, 0, 5.0, 0.2550484000094179
659, 4.290416159571736, 1.0, 5.0, 0.2538415000093832
660, 10.46383947824046, 1.0, 5.0, 0.2527048000093505
661, 27.610874810707752, 2.0, 5.0, 0.25155820000931756
662, 3.118464576401801, 1.0, 5.0, 0.2504161000092847
663, 30.133852358395007, 0, 5.0, 0.24933070000927415
664, 1.0943481047567585, 1.0, 5.0, 0.24824350000927642
665, 66.46212456719415, 1.0, 5.0, 0.24716170000927867
666, 0.26535162757495284, 0, 5.0, 0.24615910000928076
667, 6.152580146580492, 2.0, 5.0, 0.2449450000092833
668, 0.39028024961904756, 3.0, 5.0, 0.24357610000928615
669, 15.141324881136022, 0, 5.0, 0.24242950000928853
670, 14.296738234805307, 0, 5.0, 0.24133330000929082
671, 1.1398267849979358, 0, 5.0, 0.24022720000929312
672, 35.48729954572537, 0, 5.0, 0.23926960000929512
673, 30.4128020104063, 2.0, 5.0, 0.23804740000929767
674, 1.088020651855419, 1.0, 5.0, 0.23689450000930007
675, 23.408133257843787, 2.0, 5.0, 0.23552380000930292
676, 8.434546064300541, 1.0, 5.0, 0.23440780000930525
677, 0.07348046693991932, 0, 5.0, 0.23329180000930758
678, 4.565502019224009, 0, 5.0, 0.2323225000093096
679, 79.17628683391736, 0, 5.0, 0.23128300000931176
680, 13.627617274414405, 2.0, 5.0, 0.23003920000931435
681, 1.4572432884123518, 1.0, 5.0, 0.22878460000931697
682, 0.03397779761273221, 2.0, 5.0, 0.22754080000931956
683, 4.943323424674684, 1.0, 5.0, 0.22648870000932175
684, 35.24550039292186, 1.0, 5.0, 0.22532770000932417
685, 46.83678925865872, 3.0, 5.0, 0.223972300009327
686, 1.3318726256237368, 1.0, 5.0, 0.22293010000932917
687, 68.539986716113, 1.0, 5.0, 0.22175470000933162
688, 0.6744888815634273, 2.0, 5.0, 0.22049560000933424
689, 0.3763298380858068, 1.0, 5.0, 0.21923380000933687
690, 6.850024531824532, 1.0, 5.0, 0.21809800000933924
691, 2.526950507973658, 1.0, 5.0, 0.21694510000934164
692, 29.566043831629756, 3.0, 5.0, 0.21570850000934422
693, 37.9546145955343, 2.0, 5.0, 0.21452770000934668
694, 5.551381640442196, 2.0, 5.0, 0.2133226000093492
695, 27.55583505776737, 1.0, 5.0, 0.21219670000935154
696, 1.4111343371194305, 2.0, 5.0, 0.21064960000935476
697, 0.36528372681952775, 1.0, 5.0, 0.20948680000935718
698, 3.064116566528963, 1.0, 5.0, 0.20829790000935966
699, 19.585432858280733, 3.0, 5.0, 0.20701720000936233
700, 1.6591386867892974, 0, 5.0, 0.20601190000936442
701, 6.1743677866038125, 1.0, 5.0, 0.20486350000936682
702, 0.8510150634728724, 5.0, 5.0, 0.20344960000936976
703, 0.7198754589777857, 2.0, 5.0, 0.2022823000093722
704, 0.27668394802548973, 1.0, 5.0, 0.20119780000937446
705, 14.623679612465875, 2.0, 5.0, 0.2000683000093768
706, 0.15268968072730987, 0, 5.0, 0.19909180000937884
707, 0.031947234261686004, 2.0, 5.0, 0.19778860000938156
708, 1.1297412513830096, 0, 5.0, 0.19654570000938415
709, 7.406031999015036, 2.0, 5.0, 0.19535230000938664
710, 14.646620446886839, 2.0, 5.0, 0.1940797000093893
711, 12.096610188250352, 0, 5.0, 0.19305100000939143
712, 0.04039410761309821, 1.0, 5.0, 0.1919107000093938
713, 4.0894175956049965, 0, 5.0, 0.19086580000939599
714, 14.138092440704527, 1.0, 5.0, 0.18974440000939832
715, 44.638100205549044, 2.0, 5.0, 0.18851500000940088
716, 0.17859506463313715, 1.0, 5.0, 0.18736840000940327
717, 27.7143638444518, 1.0, 5.0, 0.18613000000940585
718, 1.299431765078996, 1.0, 5.0, 0.18502570000940816
719, 29.767509445687672, 2.0, 5.0, 0.183665800009411
720, 2.1002704217749124, 0, 5.0, 0.18272620000941295
721, 6.713279736057101, 0, 5.0, 0.18170830000941507
722, 1.8639044756789833, 0, 5.0, 0.18070750000941715
723, 6.858411224399621, 0, 5.0, 0.17978770000941907
724, 39.19039501185806, 1.0, 5.0, 0.1785250000094217
725, 25.7997158548366, 2.0, 5.0, 0.17735860000942413
726, 6.99033047101844, 0, 5.0, 0.17630110000942634
727, 6.289718847899012, 3.0, 5.0, 0.17499160000942907
728, 3.299837720935004, 0, 5.0, 0.17394760000943124
729, 7.576211036127726, 3.0, 5.0, 0.1725715000094341
730, 44.37030627726494, 0, 5.0, 0.1716202000094361
731, 6.033418944440846, 1.0, 5.0, 0.1705150000094384
732, 0.18658568714013535, 1.0, 5.0, 0.16932790000944087
733, 0.6029222067653296, 2.0, 5.0, 0.16807240000944348
734, 10.624875641587805, 1.0, 5.0, 0.16696900000944578
735, 2.722888369127964, 0, 5.0, 0.1659529000094479
736, 11.033630904736876, 1.0, 5.0, 0.16452910000945087
737, 10.810710862482058, 0, 5.0, 0.1633654000094533
738, 13.972741466908943, 2.0, 5.0, 0.16210000000945593
739, 33.742680605850126, 1.0, 5.0, 0.16103260000945815
740, 0.0011412299099404443, 0, 5.0, 0.1600471000094602
741, 63.48122113122875, 0, 5.0, 0.15905890000946227
742, 1.7790426253946903, 0, 5.0, 0.15814540000946417
743, 28.820605544395306, 0, 5.0, 0.15704200000946647
744, 2.842520753621466, 0, 5.0, 0.15610600000946842
745, 0.16206414293283133, 0, 5.0, 0.15509980000947052
746, 1.2091086396856703, 2.0, 5.0, 0.15396490000947288
747, 0.75055630962811, 1.0, 5.0, 0.15281200000947529
748, 8.890922485908696, 0, 5.0, 0.15172300000947755
749, 1.4947079404322818, 0, 5.0, 0.15068080000947973
750, 1.3990832612337096, 1.0, 5.0, 0.14963050000948191
751, 0.3166335138753034, 0, 5.0, 0.14870170000948385
752, 0.1485335288883155, 0, 5.0, 0.14764960000948604
753, 0.10824002906217627, 0, 5.0, 0.14664880000948813
754, 23.906942676788137, 2.0, 5.0, 0.145264600009491
755, 1.2242059379446408, 1.0, 5.0, 0.14405860000949353
756, 0.4726877750504451, 0, 5.0, 0.14284450000949606
757, 64.90806105691196, 1.0, 5.0, 0.14183470000949816
758, 14.155599293655804, 0, 5.0, 0.14063320000950066
759, 5.01881944276975, 2.0, 5.0, 0.1392661000095035
760, 0.43320017721167314, 2.0, 5.0, 0.13808350000950598
761, 7.4023656104302225, 0, 5.0, 0.1370683000095081
762, 0.6911363197742728, 0, 5.0, 0.13609450000951012
763, 7.61203847174369, 2.0, 5.0, 0.13475170000951292
764, 26.276453910991822, 1.0, 5.0, 0.1336114000095153
765, 0.011188878950886109, 2.0, 5.0, 0.13242160000951778
766, 3.8456554805400964, 0, 5.0, 0.13146850000951976
767, 0.6967878973623554, 4.0, 5.0, 0.12994390000952294
768, 0.31362316222132386, 2.0, 5.0, 0.12843370000952609
769, 1.9561810190569937, 0, 5.0, 0.12750850000952801
770, 0.0027160807012311773, 2.0, 5.0, 0.12627460000953059
771, 7.901875497092636, 0, 5.0, 0.1253512000095325
772, 4.457439273040035, 0, 5.0, 0.12431980000953466
773, 0.02366611944715626, 1.0, 5.0, 0.12331630000953675
774, 8.263344464842032, 2.0, 5.0, 0.12206890000953935
775, 0.5496382125761626, 2.0, 5.0, 0.12086740000954185
776, 1.056489807464494, 0, 5.0, 0.11988010000954391
777, 0.14162734871731003, 3.0, 5.0, 0.11854720000954669
778, 3.476791580751212, 0, 5.0, 0.11756080000954874
779, 0.5016352420025999, 0, 5.0, 0.11654290000955086
780, 5.998218044914422, 0, 5.0, 0.11554930000955294
781, 37.121630187871965, 2.0, 5.0, 0.11423890000955567
782, 7.211109615507084, 1.0, 5.0, 0.11315530000955792
783, 0.5950982036756003, 1.0, 5.0, 0.11209690000956013
784, 0.8880991225340882, 0, 5.0, 0.11117260000956206
785, 2.6797107400078297, 1.0, 5.0, 0.10996930000956456
786, 19.111484498394397, 2.0, 5.0, 0.10842670000956778
787, 1.2497452022963795, 2.0, 5.0, 0.10726030000957021
788, 1.8514186074771235, 0, 5.0, 0.10622620000957236
789, 0.5349146424090199, 0, 5.0, 0.1051543000095746
790, 7.222621234024873, 3.0, 5.0, 0.10375570000957751
791, 0.3305054631971134, 1.0, 5.0, 0.10256770000957999
792, 27.22888568648357, 0, 5.0, 0.10165330000958189
793, 0.40215259991464725, 1.0, 5.0, 0.10047520000958435
794, 1.534718144579592, 2.0, 5.0, 0.09999910000958534
795, 22.371275154651066, 0, 5.0, 0.09999910000958534
796, 14.486826692551444, 1.0, 5.0, 0.09999910000958534
797, 9.269765543889253, 0, 5.0, 0.09999910000958534
798, 24.86060126368048, 1.0, 5.0, 0.09999910000958534
799, 1.4842839994208523, 1.0, 5.0, 0.09999910000958534
800, 16.478282586591565, 0, 5.0, 0.09999910000958534
801, 1.213930541860454, 2.0, 5.0, 0.09999910000958534
802, 19.62490715486527, 1.0, 5.0, 0.09999910000958534
803, 0.23694050386460183, 0, 5.0, 0.09999910000958534
804, 0.0042089221784524225, 1.0, 5.0, 0.09999910000958534
805, 31.483756666017523, 1.0, 5.0, 0.09999910000958534
806, 19.699099831813417, 0, 5.0, 0.09999910000958534
807, 15.771703318594641, 3.0, 5.0, 0.09999910000958534
808, 3.2654313344858825, 2.0, 5.0, 0.09999910000958534
809, 7.726703856174025, 0, 5.0, 0.09999910000958534
810, 1.6054747884754976, 0, 5.0, 0.09999910000958534
811, 2.5581769090260313, 1.0, 5.0, 0.09999910000958534
812, 2.247425763543624, 2.0, 5.0, 0.09999910000958534
813, 1.804475124326142, 0, 5.0, 0.09999910000958534
814, 2.173929201285546, 3.0, 5.0, 0.09999910000958534
815, 0.5516898176857655, 2.0, 5.0, 0.09999910000958534
816, 0.34853647993362724, 0, 5.0, 0.09999910000958534
817, 2.5379868867428472, 0, 5.0, 0.09999910000958534
818, 6.964012703004791, 1.0, 5.0, 0.09999910000958534
819, 14.603989012877124, 2.0, 5.0, 0.09999910000958534
820, 5.9087689285578415, 1.0, 5.0, 0.09999910000958534
821, 57.079114392312874, 0, 5.0, 0.09999910000958534
822, 2.55665812836922, 5.0, 5.0, 0.09999910000958534
823, 3.199726315022052, 0, 5.0, 0.09999910000958534
824, 8.19124459293257, 0, 5.0, 0.09999910000958534
825, 0.30657450428872535, 1.0, 5.0, 0.09999910000958534
826, 3.7919429482068385, 3.0, 5.0, 0.09999910000958534
827, 2.635857591472699, 0, 5.0, 0.09999910000958534
828, 0.5065553217571044, 0, 5.0, 0.09999910000958534
829, 5.029701768220842, 1.0, 5.0, 0.09999910000958534
830, 3.3305633830576578, 1.0, 5.0, 0.09999910000958534
831, 84.30392363152346, 2.0, 5.0, 0.09999910000958534
832, 41.161163117541456, 1.0, 5.0, 0.09999910000958534
833, 0.18303077563542375, 1.0, 5.0, 0.09999910000958534
834, 16.244579946757945, 1.0, 5.0, 0.09999910000958534
835, 0.7608053079687134, 0, 5.0, 0.09999910000958534
836, 1.8838642082698227, 0, 5.0, 0.09999910000958534
837, 2.8036861983930215, 0, 5.0, 0.09999910000958534
838, 1.5701761726286445, 1.0, 5.0, 0.09999910000958534
839, 0.937920388396578, 1.0, 5.0, 0.09999910000958534
840, 6.560911130309043, 0, 5.0, 0.09999910000958534
841, 1.300591361642035, 1.0, 5.0, 0.09999910000958534
842, 3.161315108048218, 0, 5.0, 0.09999910000958534
843, 0.029203011712451855, 0, 5.0, 0.09999910000958534
844, 12.1618458194638, 1.0, 5.0, 0.09999910000958534
845, 29.937271148756235, 2.0, 5.0, 0.09999910000958534
846, 1.4787847112148247, 3.0, 5.0, 0.09999910000958534
847, 9.940561504952493, 1.0, 5.0, 0.09999910000958534
848, 2.942672655037478, 1.0, 5.0, 0.09999910000958534
849, 7.6294562396242, 0, 5.0, 0.09999910000958534
850, 18.55273825816319, 1.0, 5.0, 0.09999910000958534
851, 3.8108259694717863, 1.0, 5.0, 0.09999910000958534
852, 2.2358122640325915, 1.0, 5.0, 0.09999910000958534
853, 3.256042419903956, 1.0, 5.0, 0.09999910000958534
854, 0.7597124427830959, 1.0, 5.0, 0.09999910000958534
855, 16.485588508121293, 1.0, 5.0, 0.09999910000958534
856, 10.302716111726133, 0, 5.0, 0.09999910000958534
857, 10.96811802256507, 2.0, 5.0, 0.09999910000958534
858, 3.9878467724452826, 0, 5.0, 0.09999910000958534
859, 18.991570618650762, 0, 5.0, 0.09999910000958534
860, 0.2835304358591258, 1.0, 5.0, 0.09999910000958534
861, 3.5586074472999103, 2.0, 5.0, 0.09999910000958534
862, 0.7149091179305826, 0, 5.0, 0.09999910000958534
863, 10.12075288890852, 1.0, 5.0, 0.09999910000958534
864, 0.043878020535428004, 1.0, 5.0, 0.09999910000958534
865, 14.595398839231617, 0, 5.0, 0.09999910000958534
866, 0.8300972927799738, 1.0, 5.0, 0.09999910000958534
867, 7.859207099256025, 1.0, 5.0, 0.09999910000958534
868, 4.758377618185963, 2.0, 5.0, 0.09999910000958534
869, 12.155753523083881, 1.0, 5.0, 0.09999910000958534
870, 0.6705833622444028, 2.0, 5.0, 0.09999910000958534
871, 35.68565799966821, 2.0, 5.0, 0.09999910000958534
872, 0.4275632948266589, 2.0, 5.0, 0.09999910000958534
873, 26.43063798592479, 0, 5.0, 0.09999910000958534
874, 7.5963329571428675, 1.0, 5.0, 0.09999910000958534
875, 0.40091421747557987, 2.0, 5.0, 0.09999910000958534
876, 0.4182984235611127, 0, 5.0, 0.09999910000958534
877, 17.605374581516784, 2.0, 5.0, 0.09999910000958534
878, 0.12428367894523246, 1.0, 5.0, 0.09999910000958534
879, 2.4979587379936046, 0, 5.0, 0.09999910000958534
880, 7.262897661591691, 1.0, 5.0, 0.09999910000958534
881, 3.9404787498405103, 0, 5.0, 0.09999910000958534
882, 21.33550582813479, 1.0, 5.0, 0.09999910000958534
883, 0.17621930092168298, 1.0, 5.0, 0.09999910000958534
884, 0.4060374283764099, 1.0, 5.0, 0.09999910000958534
885, 0.9157647098037578, 0, 5.0, 0.09999910000958534
886, 1.0113717886905695, 2.0, 5.0, 0.09999910000958534
887, 3.908328276913309, 1.0, 5.0, 0.09999910000958534
888, 7.973118019918741, 0, 5.0, 0.09999910000958534
889, 40.58861882956501, 2.0, 5.0, 0.09999910000958534
890, 8.156015811520769, 2.0, 5.0, 0.09999910000958534
891, 1.3279801766834636, 0, 5.0, 0.09999910000958534
892, 21.466897005251152, 2.0, 5.0, 0.09999910000958534
893, 4.310906210104164, 2.0, 5.0, 0.09999910000958534
894, 30.140076956231454, 1.0, 5.0, 0.09999910000958534
895, 34.184650185953835, 1.0, 5.0, 0.09999910000958534
896, 16.308933686010473, 1.0, 5.0, 0.09999910000958534
897, 13.745993509694026, 2.0, 5.0, 0.09999910000958534
898, 2.582127961878483, 1.0, 5.0, 0.09999910000958534
899, 2.737672802238995, 1.0, 5.0, 0.09999910000958534
900, 0.6981038120102903, 0, 5.0, 0.09999910000958534
901, 28.069770059573937, 2.0, 5.0, 0.09999910000958534
902, 0.27423288167901105, 2.0, 5.0, 0.09999910000958534
903, 6.057228485416434, 0, 5.0, 0.09999910000958534
904, 2.7130364053126783, 0, 5.0, 0.09999910000958534
905, 2.0866312565547123, 0, 5.0, 0.09999910000958534
906, 6.806431206026177, 2.0, 5.0, 0.09999910000958534
907, 0.932982464384806, 1.0, 5.0, 0.09999910000958534
908, 41.55328349527533, 2.0, 5.0, 0.09999910000958534
909, 0.49945359090770214, 1.0, 5.0, 0.09999910000958534
910, 0.7275303048492641, 1.0, 5.0, 0.09999910000958534
911, 12.786663243215171, 0, 5.0, 0.09999910000958534
912, 37.5724318300249, 1.0, 5.0, 0.09999910000958534
913, 4.1754061668751365, 1.0, 5.0, 0.09999910000958534
914, 33.216368453331704, 3.0, 5.0, 0.09999910000958534
915, 126.75398081739881, 0, 5.0, 0.09999910000958534
916, 0.5518346538826591, 4.0, 5.0, 0.09999910000958534
917, 7.997791896949058, 0, 5.0, 0.09999910000958534
918, 0.08944710071629058, 0, 5.0, 0.09999910000958534
919, 26.812435753515754, 1.0, 5.0, 0.09999910000958534
920, 14.279910823918186, 4.0, 5.0, 0.09999910000958534
921, 21.67997017027981, 1.0, 5.0, 0.09999910000958534
922, 4.997059013847075, 1.0, 5.0, 0.09999910000958534
923, 2.559219209623167, 1.0, 5.0, 0.09999910000958534
924, 0.14979147705687776, 0, 5.0, 0.09999910000958534
925, 0.21710539957565567, 0, 5.0, 0.09999910000958534
926, 23.47522404888763, 1.0, 5.0, 0.09999910000958534
927, 10.645973377639795, 2.0, 5.0, 0.09999910000958534
928, 9.621362342120431, 1.0, 5.0, 0.09999910000958534
929, 11.651590309816193, 2.0, 5.0, 0.09999910000958534
930, 5.349794074518236, 3.0, 5.0, 0.09999910000958534
931, 3.4352459055011235, 3.0, 5.0, 0.09999910000958534
932, 4.514552397495811, 0, 5.0, 0.09999910000958534
933, 0.0003856070427847595, 1.0, 5.0, 0.09999910000958534
934, 0.7201928120823589, 0, 5.0, 0.09999910000958534
935, 2.4595554984779313, 1.0, 5.0, 0.09999910000958534
936, 0.503301015265723, 0, 5.0, 0.09999910000958534
937, 0.046712460569534875, 1.0, 5.0, 0.09999910000958534
938, 1.7555837799227167, 0, 5.0, 0.09999910000958534
939, 3.399039228985314, 0, 5.0, 0.09999910000958534
940, 19.446671321033605, 2.0, 5.0, 0.09999910000958534
941, 6.072160567457314, 0, 5.0, 0.09999910000958534
942, 3.2552823543689224, 2.0, 5.0, 0.09999910000958534
943, 0.6203723890537713, 1.0, 5.0, 0.09999910000958534
944, 45.08653072381822, 1.0, 5.0, 0.09999910000958534
945, 1.168885491024767, 0, 5.0, 0.09999910000958534
946, 0.7059645291502393, 0, 5.0, 0.09999910000958534
947, 1.543623586721612, 1.0, 5.0, 0.09999910000958534
948, 1.8401335889899058, 0, 5.0, 0.09999910000958534
949, 11.251022003278177, 1.0, 5.0, 0.09999910000958534
950, 0.1820815184044802, 1.0, 5.0, 0.09999910000958534
951, 10.499257676310911, 1.0, 5.0, 0.09999910000958534
952, 3.546303169391377, 1.0, 5.0, 0.09999910000958534
953, 1.2079029918026016, 3.0, 5.0, 0.09999910000958534
954, 1.3343654458458745, 1.0, 5.0, 0.09999910000958534
955, 8.92855498236002, 2.0, 5.0, 0.09999910000958534
956, 2.0191282057165254, 0, 5.0, 0.09999910000958534
957, 2.0592338954070826, 2.0, 5.0, 0.09999910000958534
958, 0.03212141259626578, 0, 5.0, 0.09999910000958534
959, 14.030468627484057, 1.0, 5.0, 0.09999910000958534
960, 43.507311414530704, 1.0, 5.0, 0.09999910000958534
961, 8.044069734109662, 2.0, 5.0, 0.09999910000958534
962, 8.063864151183862, 1.0, 5.0, 0.09999910000958534
963, 0.8542470734740896, 0, 5.0, 0.09999910000958534
964, 10.07649866117674, 1.0, 5.0, 0.09999910000958534
965, 3.4721788157670272, 1.0, 5.0, 0.09999910000958534
966, 26.130011880201188, 3.0, 5.0, 0.09999910000958534
967, 4.473449195351398, 1.0, 5.0, 0.09999910000958534
968, 18.624117404348564, 0, 5.0, 0.09999910000958534
969, 0.19699996486125132, 0, 5.0, 0.09999910000958534
970, 20.5973758314363, 2.0, 5.0, 0.09999910000958534
971, 37.65224126783053, 2.0, 5.0, 0.09999910000958534
972, 6.1547956603845115, 3.0, 5.0, 0.09999910000958534
973, 0.5417438357057233, 2.0, 5.0, 0.09999910000958534
974, 23.04233118608109, 1.0, 5.0, 0.09999910000958534
975, 4.085427092793279, 4.0, 5.0, 0.09999910000958534
976, 0.20458059564788939, 0, 5.0, 0.09999910000958534
977, 43.235758634785775, 0, 5.0, 0.09999910000958534
978, 0.2523570234062104, 2.0, 5.0, 0.09999910000958534
979, 23.953059779129802, 1.0, 5.0, 0.09999910000958534
980, 31.253022585708255, 1.0, 5.0, 0.09999910000958534
981, 5.044724874285909, 3.0, 5.0, 0.09999910000958534
982, 0.6718496697053709, 1.0, 5.0, 0.09999910000958534
983, 0.019992777383801025, 2.0, 5.0, 0.09999910000958534
984, 0.9706437183983225, 0, 5.0, 0.09999910000958534
985, 3.8956940780215277, 3.0, 5.0, 0.09999910000958534
986, 14.086894419582533, 0, 5.0, 0.09999910000958534
987, 0.5096017258514548, 2.0, 5.0, 0.09999910000958534
988, 11.771544872881856, 0, 5.0, 0.09999910000958534
989, 0.7587464884345736, 1.0, 5.0, 0.09999910000958534
990, 0.2712721118594211, 1.0, 5.0, 0.09999910000958534
991, 28.734683851244892, 1.0, 5.0, 0.09999910000958534
992, 4.359158986282229, 1.0, 5.0, 0.09999910000958534
993, 51.5256896432345, 0, 5.0, 0.09999910000958534
994, 0.17177318253985976, 0, 5.0, 0.09999910000958534
995, 2.6366020199967326, 2.0, 5.0, 0.09999910000958534
996, 0.4238349263519874, 0, 5.0, 0.09999910000958534
997, 5.989976587852314, 2.0, 5.0, 0.09999910000958534
998, 1.4460714860394897, 1.0, 5.0, 0.09999910000958534
999, 40.04295637461674, 2.0, 5.0, 0.09999910000958534
1000, 11.031951999823427, 1.0, 5.0, 0.09999910000958534
1001, 4.8271465602765495, 0, 5.0, 0.09999910000958534
1002, 118.01041621088599, 0, 5.0, 0.09999910000958534
1003, 22.49103341487504, 0, 5.0, 0.09999910000958534
1004, 6.638368444629127, 0, 5.0, 0.09999910000958534
1005, 22.39588869860799, 2.0, 5.0, 0.09999910000958534
1006, 4.115714880216732, 0, 5.0, 0.09999910000958534
1007, 11.002140508523615, 4.0, 5.0, 0.09999910000958534
1008, 4.998563459834498, 0, 5.0, 0.09999910000958534
1009, 8.337514540410016, 0, 5.0, 0.09999910000958534
1010, 26.241487265122935, 0, 5.0, 0.09999910000958534
1011, 44.66132223619174, 1.0, 5.0, 0.09999910000958534
1012, 0.05451419318442511, 1.0, 5.0, 0.09999910000958534
1013, 62.1247221567387, 1.0, 5.0, 0.09999910000958534
1014, 0.5478994082483404, 0, 5.0, 0.09999910000958534
1015, 2.204945858708929, 2.0, 5.0, 0.09999910000958534
1016, 1.3869356128338546, 0, 5.0, 0.09999910000958534
1017, 130.17785035407962, 2.0, 5.0, 0.09999910000958534
1018, 5.3284455700719775, 3.0, 5.0, 0.09999910000958534
1019, 16.20292552216027, 2.0, 5.0, 0.09999910000958534
1020, 1.437115147572121, 0, 5.0, 0.09999910000958534
1021, 2.970034081460109, 0, 5.0, 0.09999910000958534
1022, 35.099449064157156, 4.0, 5.0, 0.09999910000958534
1023, 38.18808979702928, 2.0, 5.0, 0.09999910000958534
1024, 29.408098672781026, 1.0, 5.0, 0.09999910000958534
1025, 34.14447878677622, 1.0, 5.0, 0.09999910000958534
1026, 0.1650751784258718, 1.0, 5.0, 0.09999910000958534
1027, 0.14453508670810175, 1.0, 5.0, 0.09999910000958534
1028, 6.722985523269259, 2.0, 5.0, 0.09999910000958534
1029, 25.31951891339578, 1.0, 5.0, 0.09999910000958534
1030, 3.286249756895604, 0, 5.0, 0.09999910000958534
1031, 37.004891919361626, 0, 5.0, 0.09999910000958534
1032, 7.531830048031033, 1.0, 5.0, 0.09999910000958534
1033, 0.3674628324268634, 1.0, 5.0, 0.09999910000958534
1034, 0.7834067459989273, 0, 5.0, 0.09999910000958534
1035, 36.3450516064031, 1.0, 5.0, 0.09999910000958534
1036, 1.7659945770605343, 1.0, 5.0, 0.09999910000958534
1037, 9.681555314897604, 1.0, 5.0, 0.09999910000958534
1038, 2.432261530392006, 1.0, 5.0, 0.09999910000958534
1039, 45.302623787143304, 1.0, 5.0, 0.09999910000958534
1040, 0.03978677883140567, 1.0, 5.0, 0.09999910000958534
1041, 18.381322515354643, 1.0, 5.0, 0.09999910000958534
1042, 23.987635331830976, 0, 5.0, 0.09999910000958534
1043, 0.1119277698708704, 0, 5.0, 0.09999910000958534
1044, 20.120323310418996, 0, 5.0, 0.09999910000958534
1045, 0.2640263453452668, 0, 5.0, 0.09999910000958534
1046, 0.5167222069397983, 0, 5.0, 0.09999910000958534
1047, 4.546249740106483, 0, 5.0, 0.09999910000958534
1048, 8.216859878613334, 2.0, 5.0, 0.09999910000958534
1049, 108.63554935808179, 0, 5.0, 0.09999910000958534
1050, 0.38855899010929523, 0, 5.0, 0.09999910000958534
1051, 9.661703138622949, 1.0, 5.0, 0.09999910000958534
1052, 2.9425033870475885, 0, 5.0, 0.09999910000958534
1053, 66.0351050637655, 0, 5.0, 0.09999910000958534
1054, 0.23365181950851885, 1.0, 5.0, 0.09999910000958534
1055, 12.313284909824944, 0, 5.0, 0.09999910000958534
1056, 8.761983262904184, 2.0, 5.0, 0.09999910000958534
1057, 25.678601371323655, 0, 5.0, 0.09999910000958534
1058, 2.11598171804013, 1.0, 5.0, 0.09999910000958534
1059, 7.7738150571871625, 2.0, 5.0, 0.09999910000958534
1060, 3.2991115412527185, 3.0, 5.0, 0.09999910000958534
1061, 13.985986505258571, 0, 5.0, 0.09999910000958534
1062, 0.32710845786481857, 3.0, 5.0, 0.09999910000958534
1063, 0.1207611058418128, 2.0, 5.0, 0.09999910000958534
1064, 15.370701813148406, 0, 5.0, 0.09999910000958534
1065, 1.0582018280266503, 1.0, 5.0, 0.09999910000958534
1066, 2.6708398022075994, 1.0, 5.0, 0.09999910000958534
1067, 0.00226037092730422, 0, 5.0, 0.09999910000958534
1068, 19.999840438835193, 1.0, 5.0, 0.09999910000958534
1069, 4.68217905179436, 2.0, 5.0, 0.09999910000958534
1070, 6.50889872494434, 1.0, 5.0, 0.09999910000958534
1071, 0.1766689040323499, 3.0, 5.0, 0.09999910000958534
1072, 20.798483230365633, 2.0, 5.0, 0.09999910000958534
1073, 38.579591825624554, 1.0, 5.0, 0.09999910000958534
1074, 0.6867687479635503, 1.0, 5.0, 0.09999910000958534
1075, 0.06483065773741302, 0, 5.0, 0.09999910000958534
1076, 46.3134908312658, 1.0, 5.0, 0.09999910000958534
1077, 50.417439329210225, 2.0, 5.0, 0.09999910000958534
1078, 0.3921017704661434, 3.0, 5.0, 0.09999910000958534
1079, 11.837682223652957, 1.0, 5.0, 0.09999910000958534
1080, 0.2551508655987351, 0, 5.0, 0.09999910000958534
1081, 3.780672660943355, 1.0, 5.0, 0.09999910000958534
1082, 8.69914031212707, 1.0, 5.0, 0.09999910000958534
1083, 30.180212325875583, 0, 5.0, 0.09999910000958534
1084, 15.575603273937691, 2.0, 5.0, 0.09999910000958534
1085, 2.7958659418280147, 0, 5.0, 0.09999910000958534
1086, 9.615550574996483, 0, 5.0, 0.09999910000958534
1087, 23.516365563719273, 1.0, 5.0, 0.09999910000958534
1088, 2.3967076093166977, 2.0, 5.0, 0.09999910000958534
1089, 6.126379630873667, 1.0, 5.0, 0.09999910000958534
1090, 10.005440392471899, 1.0, 5.0, 0.09999910000958534
1091, 0.0609266381938826, 0, 5.0, 0.09999910000958534
1092, 7.288277458989632, 3.0, 5.0, 0.09999910000958534
1093, 3.5215059968033335, 0, 5.0, 0.09999910000958534
1094, 3.020153782523356, 1.0, 5.0, 0.09999910000958534
1095, 1.3330997967032077, 0, 5.0, 0.09999910000958534
1096, 6.868297332316176, 0, 5.0, 0.09999910000958534
1097, 14.01758231178391, 1.0, 5.0, 0.09999910000958534
1098, 37.09390358923819, 0, 5.0, 0.09999910000958534
1099, 0.42187877347322245, 0, 5.0, 0.09999910000958534
1100, 5.9541399698958575, 0, 5.0, 0.09999910000958534
1101, 0.6441539466288861, 0, 5.0, 0.09999910000958534
1102, 0.08381745086480064, 1.0, 5.0, 0.09999910000958534
1103, 8.667864678235452, 0, 5.0, 0.09999910000958534
1104, 0.2951861342552367, 2.0, 5.0, 0.09999910000958534
1105, 6.261557440503022, 1.0, 5.0, 0.09999910000958534
1106, 2.988950278351251, 2.0, 5.0, 0.09999910000958534
1107, 35.46499643201293, 0, 5.0, 0.09999910000958534
1108, 2.6613300306385916, 2.0, 5.0, 0.09999910000958534
1109, 2.6405378706953986, 2.0, 5.0, 0.09999910000958534
1110, 2.1724468853338244, 0, 5.0, 0.09999910000958534
1111, 6.916321082102783, 1.0, 5.0, 0.09999910000958534
1112, 0.14975875243960074, 2.0, 5.0, 0.09999910000958534
1113, 1.1000601261462144, 0, 5.0, 0.09999910000958534
1114, 3.2099237224928014, 2.0, 5.0, 0.09999910000958534
1115, 9.231493654085094, 0, 5.0, 0.09999910000958534
1116, 4.779422213441867, 0, 5.0, 0.09999910000958534
1117, 16.257733181299148, 0, 5.0, 0.09999910000958534
1118, 0.0004166630807330142, 0, 5.0, 0.09999910000958534
1119, 0.6337211441171523, 1.0, 5.0, 0.09999910000958534
1120, 25.688309377846306, 0, 5.0, 0.09999910000958534
1121, 4.8370082248729, 0, 5.0, 0.09999910000958534
1122, 3.59319406060818, 0, 5.0, 0.09999910000958534
1123, 3.865599216013865, 0, 5.0, 0.09999910000958534
1124, 4.21147380083522, 1.0, 5.0, 0.09999910000958534
1125, 5.913970423198476, 0, 5.0, 0.09999910000958534
1126, 17.414054623020245, 0, 5.0, 0.09999910000958534
1127, 0.4291895126411688, 1.0, 5.0, 0.09999910000958534
1128, 0.4412685274143781, 1.0, 5.0, 0.09999910000958534
1129, 11.79333108829321, 1.0, 5.0, 0.09999910000958534
1130, 0.00516244604349666, 2.0, 5.0, 0.09999910000958534
1131, 22.4423571637349, 1.0, 5.0, 0.09999910000958534
1132, 11.190601229533662, 1.0, 5.0, 0.09999910000958534
1133, 31.966597474651703, 1.0, 5.0, 0.09999910000958534
1134, 5.145162220214123, 0, 5.0, 0.09999910000958534
1135, 0.1414622139748336, 1.0, 5.0, 0.09999910000958534
1136, 18.42705911309365, 0, 5.0, 0.09999910000958534
1137, 3.786146113918837, 2.0, 5.0, 0.09999910000958534
1138, 18.95941084362229, 3.0, 5.0, 0.09999910000958534
1139, 11.160601058392745, 0, 5.0, 0.09999910000958534
1140, 23.67980573542156, 0, 5.0, 0.09999910000958534
1141, 3.0025941252701336, 1.0, 5.0, 0.09999910000958534
1142, 55.14248692875823, 3.0, 5.0, 0.09999910000958534
1143, 2.9118039844033587, 1.0, 5.0, 0.09999910000958534
1144, 3.4636161610538356, 0, 5.0, 0.09999910000958534
1145, 0.853042284809591, 0, 5.0, 0.09999910000958534
1146, 3.2151984450158824, 1.0, 5.0, 0.09999910000958534
1147, 0.09813199878322312, 0, 5.0, 0.09999910000958534
1148, 2.0681514161696692, 0, 5.0, 0.09999910000958534
1149, 19.804165505531248, 0, 5.0, 0.09999910000958534
1150, 51.20117349568062, 1.0, 5.0, 0.09999910000958534
1151, 2.128169499728199, 0, 5.0, 0.09999910000958534
1152, 11.431570514934263, 0, 5.0, 0.09999910000958534
1153, 0.12887990863643847, 0, 5.0, 0.09999910000958534
1154, 87.11084919154949, 1.0, 5.0, 0.09999910000958534
1155, 3.3023100651267674, 2.0, 5.0, 0.09999910000958534
1156, 4.083497172645639, 0, 5.0, 0.09999910000958534
1157, 0.02468902143924784, 0, 5.0, 0.09999910000958534
1158, 6.4523423281499905, 2.0, 5.0, 0.09999910000958534
1159, 22.100187838013028, 3.0, 5.0, 0.09999910000958534
1160, 59.752209547065526, 0, 5.0, 0.09999910000958534
1161, 0.1175971104698408, 1.0, 5.0, 0.09999910000958534
1162, 1.970677688093462, 1.0, 5.0, 0.09999910000958534
1163, 21.421863963936932, 0, 5.0, 0.09999910000958534
1164, 15.294942682947227, 1.0, 5.0, 0.09999910000958534
1165, 0.5128975341766926, 2.0, 5.0, 0.09999910000958534
1166, 0.3621459428628115, 0, 5.0, 0.09999910000958534
1167, 3.216484771786872, 1.0, 5.0, 0.09999910000958534
1168, 0.16779986876607333, 3.0, 5.0, 0.09999910000958534
1169, 12.985038500947766, 1.0, 5.0, 0.09999910000958534
1170, 24.79179960427743, 2.0, 5.0, 0.09999910000958534
1171, 1.8099953441157195, 0, 5.0, 0.09999910000958534
1172, 24.951065430814822, 1.0, 5.0, 0.09999910000958534
1173, 1.9099515305733006, 0, 5.0, 0.09999910000958534
1174, 5.19884324253903, 0, 5.0, 0.09999910000958534
1175, 16.05826348943296, 2.0, 5.0, 0.09999910000958534
1176, 12.360555843725372, 1.0, 5.0, 0.09999910000958534
1177, 0.6798082560048928, 0, 5.0, 0.09999910000958534
1178, 0.03660068619200411, 1.0, 5.0, 0.09999910000958534
1179, 1.0122952018665985, 1.0, 5.0, 0.09999910000958534
1180, 25.880163830706724, 0, 5.0, 0.09999910000958534
1181, 15.635645377151084, 0, 5.0, 0.09999910000958534
1182, 0.023029415520804262, 0, 5.0, 0.09999910000958534
1183, 2.606157003735847, 1.0, 5.0, 0.09999910000958534
1184, 0.31898865283292555, 4.0, 5.0, 0.09999910000958534
1185, 0.00849957890293449, 2.0, 5.0, 0.09999910000958534
1186, 0.004835591063141919, 0, 5.0, 0.09999910000958534
1187, 0.9042728613127624, 0, 5.0, 0.09999910000958534
1188, 15.058675568796964, 0, 5.0, 0.09999910000958534
1189, 0.320987689270921, 0, 5.0, 0.09999910000958534
1190, 1.14110601482442, 0, 5.0, 0.09999910000958534
1191, 1.484275947806741, 0, 5.0, 0.09999910000958534
1192, 5.634784922974636, 1.0, 5.0, 0.09999910000958534
1193, 10.997796595097412, 1.0, 5.0, 0.09999910000958534
1194, 4.611460450535681, 1.0, 5.0, 0.09999910000958534
1195, 0.0009872508718251167, 2.0, 5.0, 0.09999910000958534
1196, 7.648827500201372, 4.0, 5.0, 0.09999910000958534
1197, 0.08218702403143471, 0, 5.0, 0.09999910000958534
1198, 1.550162210137917, 0, 5.0, 0.09999910000958534
1199, 1.2700011714077375, 0, 5.0, 0.09999910000958534
1200, 0.20429178990599484, 1.0, 5.0, 0.09999910000958534
1201, 0.08749528203353614, 1.0, 5.0, 0.09999910000958534
1202, 7.370542354778247, 2.0, 5.0, 0.09999910000958534
1203, 5.280633450028445, 1.0, 5.0, 0.09999910000958534
1204, 22.945260077170374, 0, 5.0, 0.09999910000958534
1205, 0.16932729359476106, 4.0, 5.0, 0.09999910000958534
1206, 1.3137161380430529, 0, 5.0, 0.09999910000958534
1207, 41.73123440245865, 0, 5.0, 0.09999910000958534
1208, 17.858213408153894, 1.0, 5.0, 0.09999910000958534
1209, 22.516090133477466, 0, 5.0, 0.09999910000958534
1210, 0.25121666369057377, 1.0, 5.0, 0.09999910000958534
1211, 3.14809671586332, 0, 5.0, 0.09999910000958534
1212, 4.264910066781429, 3.0, 5.0, 0.09999910000958534
1213, 7.204284575955472, 0, 5.0, 0.09999910000958534
1214, 34.1791519968702, 1.0, 5.0, 0.09999910000958534
1215, 15.433857533752178, 1.0, 5.0, 0.09999910000958534
1216, 1.213037293106178, 1.0, 5.0, 0.09999910000958534
1217, 0.22978360633886813, 0, 5.0, 0.09999910000958534
1218, 0.6059472056973573, 2.0, 5.0, 0.09999910000958534
1219, 17.386257768561588, 0, 5.0, 0.09999910000958534
1220, 4.436038406258266, 2.0, 5.0, 0.09999910000958534
1221, 0.0453359922144929, 1.0, 5.0, 0.09999910000958534
1222, 0.036121348366306545, 0, 5.0, 0.09999910000958534
1223, 1.309789789957647, 1.0, 5.0, 0.09999910000958534
1224, 14.775091279115241, 2.0, 5.0, 0.09999910000958534
1225, 11.492547707224766, 1.0, 5.0, 0.09999910000958534
1226, 0.08177659702849117, 1.0, 5.0, 0.09999910000958534
1227, 32.56141414204996, 2.0, 5.0, 0.09999910000958534
1228, 0.7496897426583816, 0, 5.0, 0.09999910000958534
1229, 11.464759201705874, 2.0, 5.0, 0.09999910000958534
1230, 0.9418498713865976, 2.0, 5.0, 0.09999910000958534
1231, 27.418120237068916, 2.0, 5.0, 0.09999910000958534
1232, 8.387081879409113, 0, 5.0, 0.09999910000958534
1233, 2.234343504635919, 0, 5.0, 0.09999910000958534
1234, 39.47102738281058, 1.0, 5.0, 0.09999910000958534
1235, 0.3530821772450049, 0, 5.0, 0.09999910000958534
1236, 0.08406866741528977, 1.0, 5.0, 0.09999910000958534
1237, 0.2212414336994147, 1.0, 5.0, 0.09999910000958534
1238, 4.72149944274129, 0, 5.0, 0.09999910000958534
1239, 26.564422431110245, 2.0, 5.0, 0.09999910000958534
1240, 0.2908933036764093, 1.0, 5.0, 0.09999910000958534
1241, 0.0012316077973096352, 2.0, 5.0, 0.09999910000958534
1242, 16.421125332272243, 0, 5.0, 0.09999910000958534
1243, 2.6018713921592873, 1.0, 5.0, 0.09999910000958534
1244, 15.928937360688128, 0, 5.0, 0.09999910000958534
1245, 0.3428919659683666, 2.0, 5.0, 0.09999910000958534
1246, 8.43805550719598, 0, 5.0, 0.09999910000958534
1247, 1.1676846069120732, 0, 5.0, 0.09999910000958534
1248, 19.3343000247999, 0, 5.0, 0.09999910000958534
1249, 1.1905281087938813, 0, 5.0, 0.09999910000958534
1250, 0.954070418729779, 1.0, 5.0, 0.09999910000958534
1251, 6.042646400134099, 1.0, 5.0, 0.09999910000958534
1252, 0.584972703371825, 1.0, 5.0, 0.09999910000958534
1253, 26.623584571847488, 0, 5.0, 0.09999910000958534
1254, 4.125679634484308, 1.0, 5.0, 0.09999910000958534
1255, 8.403843601747173, 2.0, 5.0, 0.09999910000958534
1256, 0.5465430406951078, 1.0, 5.0, 0.09999910000958534
1257, 13.308901492832277, 1.0, 5.0, 0.09999910000958534
1258, 0.47816987617985207, 0, 5.0, 0.09999910000958534
1259, 0.02923464601663845, 1.0, 5.0, 0.09999910000958534
1260, 93.04314598901276, 0, 5.0, 0.09999910000958534
1261, 30.05526913317567, 0, 5.0, 0.09999910000958534
1262, 3.597637655170394, 1.0, 5.0, 0.09999910000958534
1263, 0.4270727309791691, 4.0, 5.0, 0.09999910000958534
1264, 2.0883419545034387, 1.0, 5.0, 0.09999910000958534
1265, 0.058877040862233575, 1.0, 5.0, 0.09999910000958534
1266, 12.202408863114744, 1.0, 5.0, 0.09999910000958534
1267, 1.4298514521227825, 1.0, 5.0, 0.09999910000958534
1268, 0.5616126816380971, 1.0, 5.0, 0.09999910000958534
1269, 19.78718661961119, 1.0, 5.0, 0.09999910000958534
1270, 2.824528218454954, 0, 5.0, 0.09999910000958534
1271, 0.8284490372312184, 0, 5.0, 0.09999910000958534
1272, 8.615545063798306, 0, 5.0, 0.09999910000958534
1273, 10.811117596908439, 0, 5.0, 0.09999910000958534
1274, 24.439522859287884, 1.0, 5.0, 0.09999910000958534
1275, 1.3905512496068364, 3.0, 5.0, 0.09999910000958534
1276, 44.882759291647616, 1.0, 5.0, 0.09999910000958534
1277, 0.2973784775531305, 1.0, 5.0, 0.09999910000958534
1278, 71.28719682845619, 1.0, 5.0, 0.09999910000958534
1279, 9.194793576643319, 1.0, 5.0, 0.09999910000958534
1280, 2.410106742554543, 2.0, 5.0, 0.09999910000958534
1281, 4.4319579994340765, 1.0, 5.0, 0.09999910000958534
1282, 11.982576875511423, 1.0, 5.0, 0.09999910000958534
1283, 4.2324868406996385, 0, 5.0, 0.09999910000958534
1284, 0.241557961332582, 0, 5.0, 0.09999910000958534
1285, 0.02541154045962046, 2.0, 5.0, 0.09999910000958534
1286, 0.21058947674366607, 0, 5.0, 0.09999910000958534
1287, 0.10070384582303983, 0, 5.0, 0.09999910000958534
1288, 5.611779220269926, 1.0, 5.0, 0.09999910000958534
1289, 1.7999202945223982, 0, 5.0, 0.09999910000958534
1290, 95.23894160049213, 0, 5.0, 0.09999910000958534
1291, 0.6753301129740917, 0, 5.0, 0.09999910000958534
1292, 18.865806840752413, 2.0, 5.0, 0.09999910000958534
1293, 2.045612987725404, 3.0, 5.0, 0.09999910000958534
1294, 8.416978889761104, 0, 5.0, 0.09999910000958534
1295, 1.7920067496845955, 1.0, 5.0, 0.09999910000958534
1296, 12.677254919140507, 1.0, 5.0, 0.09999910000958534
1297, 0.1284663899528134, 1.0, 5.0, 0.09999910000958534
1298, 41.13963072191094, 2.0, 5.0, 0.09999910000958534
1299, 1.038680734561756, 0, 5.0, 0.09999910000958534
1300, 11.273582053640943, 3.0, 5.0, 0.09999910000958534
1301, 0.0018618051699868371, 1.0, 5.0, 0.09999910000958534
1302, 34.59316334618028, 1.0, 5.0, 0.09999910000958534
1303, 1.6795496238334287, 1.0, 5.0, 0.09999910000958534
1304, 15.016702063765832, 1.0, 5.0, 0.09999910000958534
1305, 0.5096050856460735, 0, 5.0, 0.09999910000958534
1306, 15.36069885133344, 0, 5.0, 0.09999910000958534
1307, 24.57925651116971, 0, 5.0, 0.09999910000958534
1308, 5.731025693755351, 2.0, 5.0, 0.09999910000958534
1309, 13.14886111824454, 1.0, 5.0, 0.09999910000958534